uniprot	length
A0A075B6L6	115
A0A075B6R9	120
A0A087WT01	109
A0A0A0MS02	117
A0A0A0MS05	114
A0A0A0MS06	115
A0A0B4J1U4	118
A0A0B4J2F0	54
A0A0C4DH26	115
A0A0C4DH27	118
A0A0C4DH41	118
A0A0K0K1A5	114
A0A0U1RRE5	68
A0A1B0GX56	115
A0A286YFG1	108
A0AUZ9	987
A0AVF1	554
A0JD37	113
A0JLT2	244
A0JNW5	1464
A0PJK1	596
A0PJW8	107
A1A5D9	508
A1E959	279
A1L020	520
A1L167	161
A1L4H1	1573
A2A2Y4	597
A2RRH5	827
A2RU14	115
A2RU30	521
A2RU67	622
A2RUC4	315
A2VDF0	154
A3KN83	1393
A4D1S5	217
A4GXA9	379
A4QMS7	147
A5D8V6	355
A5YKK6	2376
A5YM69	484
A6NCC3	632
A6NDB9	673
A6NDU8	294
A6NEL2	793
A6NEM1	432
A6NFA1	517
A6NFQ2	919
A6NGG8	1288
A6NHC0	703
A6NJY4	79
A6NK44	160
A6NK58	231
A6NKB5	2137
A6NL82	134
A6NLU0	287
A6NMN3	283
A6NMX2	242
A6NMZ7	2263
A6PVS8	624
A8CG34	1229
A8MQ03	144
A8MT69	81
A8MTT3	80
A8MU46	494
A8MV81	97
A8MYV0	364
B1ATL7	298
B2RV13	164
B2RXH2	506
B3KU38	563
B7Z8K6	153
C9JI98	176
C9JR72	458
E7ETH6	402
F5H4B4	570
F8WCM5	200
H3BRN8	121
M5A8F1	160
O00115	360
O00116	658
O00124	270
O00139	706
O00148	427
O00155	361
O00159	1063
O00167	538
O00175	119
O00187	686
O00212	210
O00219	553
O00255	615
O00264	195
O00267	1087
O00410	1097
O00411	1230
O00422	153
O00429	736
O00444	970
O00451	464
O00458	451
O00482	541
O00487	310
O00506	426
O00526	184
O00541	588
O00560	298
O00562	1244
O00567	594
O00570	391
O00626	93
O00712	420
O00743	305
O00746	187
O00750	1634
O00754	1011
O00767	359
O14494	284
O14495	311
O14524	444
O14544	535
O14545	582
O14562	309
O14569	222
O14578	2027
O14595	271
O14602	144
O14617	1153
O14639	778
O14649	394
O14657	336
O14668	218
O14669	202
O14678	606
O14713	200
O14715	1765
O14718	337
O14727	1248
O14730	519
O14744	637
O14763	440
O14777	642
O14782	793
O14786	923
O14787	897
O14788	317
O14792	307
O14810	134
O14818	248
O14827	1237
O14828	347
O14841	1288
O14862	343
O14880	152
O14920	756
O14931	201
O14936	926
O14964	777
O14965	403
O14967	610
O14977	448
O14980	1071
O15015	1832
O15021	2623
O15031	1838
O15037	678
O15042	1029
O15072	1205
O15105	426
O15121	323
O15164	1050
O15169	862
O15182	167
O15198	467
O15234	703
O15259	732
O15264	365
O15266	292
O15353	648
O15360	1455
O15372	352
O15427	465
O15432	143
O15439	1325
O15499	205
O15524	211
O15529	346
O15534	1290
O15539	181
O43155	660
O43187	625
O43252	624
O43293	454
O43298	467
O43304	696
O43312	755
O43361	778
O43379	1518
O43426	1573
O43435	398
O43439	604
O43448	404
O43462	519
O43463	412
O43505	415
O43511	780
O43513	233
O43516	503
O43541	496
O43559	492
O43586	416
O43674	189
O43676	98
O43677	76
O43683	1085
O43704	296
O43716	136
O43736	263
O43776	548
O43781	588
O43791	374
O43813	399
O43854	480
O43897	1013
O43915	354
O43927	109
O60244	1454
O60284	1047
O60287	2271
O60294	686
O60303	1618
O60304	480
O60312	1499
O60337	910
O60412	319
O60443	496
O60449	1722
O60476	641
O60478	399
O60488	711
O60518	1105
O60573	245
O60602	858
O60645	745
O60656	530
O60669	478
O60729	498
O60765	605
O60779	497
O60806	448
O60812	293
O60828	265
O60829	102
O60879	1101
O60884	412
O60885	1362
O60906	423
O60907	577
O60927	126
O60941	627
O75030	526
O75038	1416
O75061	913
O75064	1496
O75095	1541
O75106	756
O75127	700
O75140	1603
O75143	517
O75145	1194
O75146	1068
O75151	1096
O75191	536
O75208	318
O75293	160
O75310	529
O75312	459
O75319	377
O75324	88
O75364	302
O75390	466
O75394	65
O75427	683
O75438	58
O75473	907
O75553	588
O75582	802
O75593	365
O75603	506
O75616	437
O75643	2136
O75648	421
O75695	350
O75781	387
O75794	336
O75800	440
O75807	674
O75828	277
O75864	691
O75909	580
O75940	238
O75964	103
O75971	98
O76027	345
O76031	633
O76038	276
O76039	960
O76061	302
O76064	485
O94761	1208
O94762	991
O94768	372
O94805	426
O94823	1461
O94827	1006
O94830	711
O94832	1006
O94880	888
O94905	339
O94910	1474
O94913	1555
O94916	1531
O94925	669
O94966	1318
O94986	1710
O95007	311
O95059	124
O95104	1147
O95164	117
O95178	105
O95183	116
O95185	931
O95202	739
O95236	402
O95248	1868
O95256	599
O95263	885
O95264	441
O95279	499
O95294	804
O95297	269
O95302	570
O95393	424
O95399	124
O95402	600
O95427	931
O95436	690
O95445	188
O95479	791
O95571	254
O95625	1053
O95631	604
O95661	229
O95671	621
O95678	551
O95684	399
O95685	299
O95716	219
O95750	216
O95757	839
O95777	96
O95800	540
O95807	157
O95819	1239
O95835	1130
O95861	308
O95863	264
O95876	746
O95932	706
O95968	90
O95980	971
O95989	172
O95994	175
O96024	378
O96028	1365
P00167	134
P00395	513
P00403	227
P00568	194
P00709	142
P00746	253
P00748	615
P00918	260
P00973	400
P01024	1663
P01031	1676
P01036	141
P01037	141
P01100	380
P01106	439
P01222	138
P01225	129
P01229	141
P01236	227
P01584	269
P01593	117
P01611	117
P01619	116
P01700	117
P01718	113
P01733	115
P01857	330
P01889	362
P02042	147
P02489	173
P02545	664
P02655	101
P02656	99
P02760	352
P02765	367
P03372	595
P03952	638
P03971	560
P04062	536
P04141	144
P04196	525
P04198	464
P04233	296
P04278	402
P04808	185
P04818	313
P04839	570
P04920	1241
P05091	517
P05112	153
P05120	415
P05160	661
P05161	165
P05162	132
P05177	516
P05362	532
P05412	331
P05813	215
P05976	194
P05981	417
P06280	429
P06493	297
P06702	114
P06729	351
P06730	217
P06731	702
P06732	381
P06733	434
P06734	321
P06756	1048
P06870	262
P07305	194
P07315	174
P07327	375
P07333	972
P07339	412
P07355	339
P07492	148
P07602	524
P07741	180
P07864	332
P07910	306
P08100	348
P08133	673
P08173	479
P08174	381
P08183	1280
P08235	984
P08311	255
P08493	103
P08575	1306
P08579	225
P08581	1390
P08648	1049
P08670	466
P08700	152
P08708	135
P08754	354
P08779	473
P08912	532
P08962	238
P09001	348
P09016	255
P09038	288
P09238	476
P09326	243
P09382	135
P09417	244
P09603	554
P09693	182
P09769	529
P09848	1927
P09917	674
P09923	528
P09958	794
P0C024	238
P0C0S8	130
P0C2W1	286
P0C5Z0	115
P0CAP2	368
P0CG48	685
P0CH99	300
P0CJ78	1059
P0CJ85	424
P0CL82	117
P0DI81	140
P0DJD7	388
P0DJI8	122
P0DML3	217
P0DMS8	318
P0DP42	221
P0DPH8	450
P0DTE7	511
P10147	92
P10153	161
P10155	538
P10412	219
P10586	1907
P10636	758
P10646	304
P10746	265
P10809	573
P10827	490
P10909	449
P10911	925
P10914	325
P10997	89
P11150	499
P11169	496
P11172	480
P11217	842
P11229	460
P11234	206
P11274	1271
P11441	157
P11474	423
P11498	1178
P11801	424
P11912	226
P11926	461
P11940	636
P12235	298
P12271	317
P12544	262
P12814	892
P12838	97
P12882	1939
P13489	461
P13521	617
P13533	1939
P13591	858
P13640	62
P13726	295
P13727	222
P13796	627
P13797	630
P13798	732
P13804	333
P13929	434
P13987	128
P14060	373
P14210	728
P14621	99
P14625	803
P14868	501
P14921	441
P14923	745
P14927	111
P15036	469
P15086	417
P15088	417
P15090	132
P15309	386
P15311	586
P15328	257
P15382	129
P15516	51
P15559	274
P15848	533
P16083	231
P16219	412
P16389	499
P16410	223
P16452	691
P16471	622
P16562	243
P16989	372
P17021	662
P17030	456
P17040	1043
P17081	205
P17174	413
P17213	487
P17405	631
P17482	250
P17535	347
P17612	351
P17661	470
P18075	431
P18084	799
P18085	180
P18124	248
P18564	788
P18825	462
P18846	271
P19022	906
P19113	662
P19320	739
P19387	275
P19484	476
P19784	350
P19793	462
P19801	751
P19835	753
P19876	107
P19883	344
P20138	364
P20231	275
P20265	443
P20366	129
P20592	715
P20645	277
P20749	454
P20807	821
P20810	708
P20813	491
P20823	631
P20839	514
P21127	795
P21145	153
P21217	361
P21246	168
P21397	527
P21452	398
P21453	382
P21695	349
P21781	194
P21802	821
P22001	575
P22003	454
P22061	227
P22234	425
P22301	178
P22307	547
P22392	152
P22557	587
P22612	351
P22695	453
P22792	545
P22794	236
P22830	423
P23109	780
P23229	1130
P23470	1445
P23560	247
P23771	443
P23942	346
P24468	414
P24588	427
P24592	240
P24903	491
P24928	1970
P25021	359
P25063	80
P25092	1073
P25098	689
P25189	248
P25205	808
P25713	68
P25942	277
P26010	798
P26367	422
P26374	656
P26583	209
P26599	531
P26927	711
P26992	372
P26998	211
P27216	316
P27338	520
P27348	245
P27544	350
P27797	417
P28039	575
P28062	276
P28070	264
P28072	239
P28161	218
P28223	471
P28336	390
P28715	1186
P28907	300
P29033	226
P29083	439
P29122	969
P29353	583
P29373	138
P29374	1257
P29377	79
P29460	328
P29622	427
P30038	563
P30047	84
P30050	165
P30101	505
P30260	824
P30291	646
P30301	263
P30419	496
P30520	456
P30531	599
P30533	357
P30613	574
P30793	250
P30872	391
P30926	498
P30939	366
P31025	176
P31150	447
P31213	254
P31249	432
P31268	230
P31323	418
P31512	558
P31513	532
P31749	480
P31949	105
P32239	447
P32314	431
P32321	178
P32322	319
P32418	973
P32519	619
P32942	547
P33260	490
P33261	490
P33763	92
P33778	126
P34741	201
P34897	504
P34931	641
P34947	590
P34969	479
P35070	178
P35219	290
P35225	146
P35226	326
P35240	595
P35318	185
P35321	89
P35398	523
P35442	1172
P35443	961
P35475	653
P35498	2009
P35520	551
P35523	988
P35527	623
P35542	130
P35606	906
P35658	2090
P35659	375
P35711	763
P35790	457
P35869	848
P35908	639
P35968	1356
P36269	586
P36382	358
P36402	384
P36404	184
P36537	528
P36915	607
P37108	136
P37275	1124
P38398	1863
P38432	576
P39880	1505
P40123	477
P40126	519
P40197	560
P40205	109
P40426	434
P40692	756
P40938	356
P41146	370
P41181	271
P41182	706
P41223	144
P41231	377
P41236	205
P41240	450
P41250	739
P41279	467
P41587	438
P41595	481
P41597	374
P42025	376
P42285	1042
P42331	645
P42338	1070
P42658	865
P42684	1182
P42766	123
P42768	502
P42772	138
P42857	185
P43088	359
P43304	727
P43353	468
P43356	314
P43357	314
P43360	314
P43363	369
P43366	347
P43378	593
P45844	678
P45973	191
P45984	424
P46019	1235
P46098	478
P46695	156
P46779	137
P46782	204
P46783	165
P46926	289
P47710	185
P47736	663
P47756	277
P47804	291
P47869	451
P47872	440
P47895	512
P47902	265
P47929	136
P47985	274
P48023	281
P48059	325
P48060	266
P48061	93
P48201	142
P48357	1165
P48378	723
P48426	406
P48444	511
P48506	637
P48552	1158
P48595	397
P48634	2157
P48645	174
P48668	564
P48681	1621
P48723	471
P48735	452
P48736	1102
P48745	357
P48788	182
P48995	793
P49005	469
P49023	591
P49137	400
P49184	302
P49286	362
P49366	369
P49368	545
P49407	418
P49427	236
P49448	558
P49589	748
P49619	791
P49639	335
P49643	509
P49703	201
P49755	219
P49757	651
P49759	484
P49771	235
P49773	126
P49802	495
P49842	368
P49848	677
P49913	170
P49916	1009
P49917	911
P49918	316
P50120	134
P50148	359
P50226	295
P50238	77
P50395	445
P50440	423
P50452	374
P50548	548
P50570	870
P50876	292
P51003	745
P51157	221
P51523	738
P51531	1590
P51617	712
P51636	162
P51671	97
P51674	278
P51677	355
P51685	355
P51686	369
P51687	545
P51689	593
P51692	787
P51788	898
P51793	760
P51805	1871
P51816	1311
P51857	326
P51861	262
P51911	297
P52198	227
P52272	730
P52294	538
P52306	607
P52333	1124
P52434	150
P52435	117
P52803	228
P52926	109
P52954	281
P53355	1430
P53370	316
P53618	953
P53634	463
P53667	647
P53675	1640
P53779	464
P54284	484
P54317	469
P54578	494
P54687	386
P54727	409
P54750	535
P54753	998
P54803	685
P54868	508
P55036	377
P55042	308
P55061	237
P55072	806
P55083	255
P55084	474
P55089	124
P55884	814
P55899	365
P56134	94
P56181	108
P56377	157
P56539	151
P56693	466
P56817	501
P56937	341
P57082	545
P57103	927
P57105	145
P57721	371
P57730	90
P57737	925
P57768	344
P58511	58
P58546	118
P58549	80
P58876	126
P59044	892
P59047	1200
P59861	70
P59901	499
P59990	96
P60321	138
P60409	370
P60508	538
P60520	117
P60660	151
P60852	638
P60953	191
P60983	142
P61006	207
P61018	213
P61019	212
P61247	264
P61266	288
P61296	217
P61421	351
P61513	92
P61576	105
P61923	177
P61952	73
P61962	342
P61970	127
P62068	366
P62079	268
P62166	190
P62244	130
P62256	183
P62258	255
P62273	56
P62304	92
P62328	44
P62333	389
P62487	172
P62491	216
P62684	666
P62701	263
P62753	249
P62834	184
P62837	147
P62888	115
P63104	245
P63165	101
P63267	376
P63272	117
P68366	448
P68400	391
P68431	136
P68543	259
P78310	365
P78314	561
P78317	190
P78318	339
P78345	283
P78347	998
P78356	416
P78363	2273
P78364	1004
P78367	333
P78368	415
P78383	322
P78385	493
P78395	509
P78413	519
P78423	397
P78545	371
P78556	96
P80098	99
P80294	61
P80370	383
P80511	92
P80723	227
P82650	360
P82663	173
P82673	323
P82909	103
P82914	257
P82930	218
P82933	396
P82987	1691
P84095	191
P85298	464
P86478	221
P86480	221
P86791	482
P98196	1134
Q00013	466
Q00526	305
Q00613	529
Q00653	900
Q00839	825
Q00887	426
Q00987	491
Q01064	536
Q01082	2364
Q01094	437
Q01196	453
Q01344	420
Q01449	175
Q01523	94
Q01650	507
Q01668	2161
Q01860	360
Q01968	901
Q02108	690
Q02252	535
Q02338	343
Q02413	1049
Q02535	119
Q02543	176
Q02575	133
Q02742	428
Q02747	115
Q02750	393
Q02928	519
Q02962	417
Q03167	851
Q03169	654
Q03936	586
Q04206	551
Q04637	1599
Q04695	432
Q04721	2471
Q04743	252
Q04864	619
Q04912	1400
Q05066	204
Q05397	1052
Q05DH4	1040
Q06203	517
Q06787	632
Q06830	199
Q07011	255
Q07020	188
Q07021	282
Q07108	199
Q07157	1748
Q07627	177
Q07817	233
Q07837	685
Q07866	573
Q07869	468
Q07890	1332
Q07912	1038
Q07955	248
Q08211	1270
Q08334	325
Q08378	1498
Q08380	585
Q08708	224
Q08830	312
Q08J23	767
Q09019	674
Q09028	425
Q0D2K3	151
Q0VDF9	509
Q0VF96	1302
Q0VFZ6	552
Q0VG06	881
Q10471	571
Q11128	374
Q11130	342
Q12765	414
Q12767	1356
Q12774	1597
Q12792	350
Q12815	778
Q12824	385
Q12834	499
Q12836	540
Q12857	509
Q12864	832
Q12894	506
Q12904	312
Q12912	555
Q12962	218
Q12972	351
Q12981	228
Q12986	1120
Q13011	328
Q13017	1502
Q13033	797
Q13075	1403
Q13113	114
Q13129	1914
Q13131	559
Q13156	261
Q13164	816
Q13239	276
Q13253	232
Q13291	335
Q13322	594
Q13325	482
Q13332	1948
Q13361	173
Q13368	585
Q13409	638
Q13454	348
Q13459	2157
Q13477	382
Q13489	604
Q13505	466
Q13541	118
Q13547	482
Q13562	356
Q13564	534
Q13572	414
Q13573	536
Q13585	617
Q13586	685
Q13588	217
Q13591	1074
Q13595	282
Q13610	501
Q13615	1198
Q13637	225
Q13641	420
Q13643	280
Q13698	1873
Q13794	54
Q13796	1616
Q13882	451
Q13884	538
Q13885	445
Q13976	671
Q14011	172
Q14050	684
Q14055	689
Q14061	63
Q14088	237
Q14108	478
Q14116	193
Q14119	521
Q14123	709
Q14141	434
Q14147	1143
Q14154	515
Q14156	821
Q14164	716
Q14181	598
Q14185	1865
Q14188	446
Q14192	279
Q14207	1427
Q14210	128
Q14244	749
Q14258	630
Q14320	339
Q14344	377
Q14353	236
Q14390	218
Q14393	678
Q14449	540
Q14511	834
Q14520	560
Q14527	1009
Q14534	574
Q14642	412
Q14656	261
Q14676	2089
Q14677	625
Q14681	263
Q14687	1217
Q14722	419
Q14728	455
Q14761	206
Q14764	893
Q14781	532
Q147U7	214
Q14802	87
Q14938	502
Q14974	876
Q14978	699
Q14993	1142
Q149M9	1564
Q14CB8	494
Q14CN2	919
Q14CZ8	416
Q15003	741
Q15014	288
Q15029	972
Q15032	1099
Q15036	470
Q15070	435
Q15120	406
Q15126	192
Q15147	1175
Q15165	354
Q15185	160
Q15262	1439
Q15269	919
Q15287	305
Q15319	338
Q15327	319
Q15370	118
Q15397	648
Q15435	360
Q15438	398
Q15459	793
Q15464	509
Q15477	1246
Q15526	300
Q15542	800
Q15573	450
Q15637	639
Q15646	514
Q15650	581
Q15652	2540
Q15678	1187
Q15691	268
Q156A1	80
Q15700	870
Q15717	326
Q15735	1006
Q15738	373
Q15746	1914
Q15785	309
Q15800	293
Q15813	527
Q15835	563
Q15884	450
Q15910	746
Q16134	617
Q16222	522
Q16270	282
Q16352	499
Q16363	1823
Q16385	188
Q16513	984
Q16518	533
Q16526	586
Q16527	193
Q16563	259
Q16566	473
Q16584	847
Q16613	207
Q16619	201
Q16629	238
Q16658	493
Q16678	543
Q16719	465
Q16760	1214
Q16774	197
Q16777	129
Q16821	1122
Q16849	979
Q16864	119
Q16878	200
Q16890	204
Q2M1V0	245
Q2M1Z3	1444
Q2M329	555
Q2M3C6	531
Q2M3G0	1257
Q2M3G4	852
Q2MJR0	410
Q2NKJ3	1217
Q2NKX8	1250
Q2NKX9	166
Q2NL67	630
Q2NL82	804
Q2Q1W2	868
Q2T9K0	475
Q2TAA8	658
Q2TAP0	167
Q309B1	348
Q32M88	737
Q32P41	509
Q3KNW5	377
Q3KP66	663
Q3KRA6	126
Q3LI70	58
Q3LXA3	575
Q3SY46	172
Q3Y452	100
Q3YBM2	270
Q3ZCM7	444
Q4FZB7	885
Q4KWH8	1693
Q504Q3	1202
Q52LA3	116
Q52LR7	807
Q53EQ6	642
Q53F19	620
Q53FZ2	586
Q53G44	452
Q53GD3	710
Q53GI3	561
Q53GS9	565
Q53H82	288
Q53HC9	387
Q53HI1	259
Q53HL2	280
Q53SZ7	412
Q562F6	1265
Q56P42	97
Q58WW2	860
Q5BJF2	176
Q5BJF6	829
Q5BKX5	351
Q5BKX8	364
Q5BLP8	95
Q5D0E6	543
Q5D862	2391
Q5DX21	431
Q5FBB7	561
Q5GAN6	216
Q5GH70	373
Q5GLZ8	1057
Q5H943	113
Q5H9R7	873
Q5HYK9	610
Q5HYL7	178
Q5I0X4	101
Q5IJ48	1285
Q5J5C9	76
Q5JPE7	1267
Q5JTD7	316
Q5JU85	1488
Q5JUX0	258
Q5JVS0	413
Q5JWF2	1037
Q5M9N0	1113
Q5NDL2	527
Q5QGS0	1516
Q5SQN1	464
Q5SQS8	335
Q5SRE7	291
Q5SRI9	462
Q5SRR4	150
Q5SVZ6	1142
Q5SXH7	465
Q5SYC1	327
Q5T0N1	1121
Q5T1C6	240
Q5T1R4	2406
Q5T1V6	619
Q5T215	181
Q5T230	341
Q5T2R2	415
Q5T2S8	1044
Q5T2T1	576
Q5T3I0	446
Q5T3J3	769
Q5T4T1	132
Q5T6F0	453
Q5T6F2	1119
Q5T6J7	187
Q5T7N2	865
Q5T8D3	534
Q5T8I3	360
Q5T8P6	1007
Q5TA78	99
Q5TA82	110
Q5TBE3	101
Q5TC12	328
Q5TC82	1133
Q5TEA3	1177
Q5TF39	518
Q5TFG8	222
Q5TH69	2177
Q5VST6	288
Q5VTQ0	682
Q5VTR2	975
Q5VUJ6	765
Q5VUJ9	269
Q5VUM1	108
Q5VVH5	260
Q5VWN6	2430
Q5VWQ8	1189
Q5VWX1	349
Q5VZV1	264
Q5W0B7	351
Q5W0Z9	365
Q5W150	140
Q5XKP0	118
Q5XXA6	986
Q60I27	953
Q659C4	914
Q66K79	652
Q674R7	924
Q676U5	607
Q68CL5	300
Q68CQ4	756
Q68CQ7	371
Q68DD2	849
Q68DU8	428
Q68G75	181
Q69YH5	1023
Q69YN4	1812
Q6A555	127
Q6AHZ1	1483
Q6AI39	1079
Q6B0K9	141
Q6DD87	382
Q6DN90	963
Q6DWJ6	353
Q6EBC2	164
Q6EMK4	673
Q6FI13	130
Q6GMR7	532
Q6GTX8	287
Q6IAA8	161
Q6IMI6	304
Q6IMN6	1127
Q6IQ21	691
Q6IQ22	244
Q6IQ23	1121
Q6ISS4	152
Q6JEL2	608
Q6L8G8	165
Q6L8G9	129
Q6L9W6	998
Q6NS38	261
Q6NSX1	233
Q6NSZ9	544
Q6NT16	456
Q6NT76	420
Q6NTE8	343
Q6NUN9	644
Q6NUQ4	689
Q6NUT2	758
Q6NYC1	403
Q6P050	247
Q6P0N0	1132
Q6P0Q8	1798
Q6P1K1	146
Q6P1L8	145
Q6P1N0	951
Q6P1Q0	360
Q6P1W5	598
Q6P1X5	1199
Q6P2P2	845
Q6P2Q9	2335
Q6P3S1	775
Q6P3X3	843
Q6P4E1	436
Q6P4F2	186
Q6P531	493
Q6P5S2	330
Q6P6B1	374
Q6P6B7	361
Q6P9B6	456
Q6P9F0	684
Q6P9F5	258
Q6P9H4	555
Q6PCB6	329
Q6PD62	1173
Q6PEX3	210
Q6PEY1	159
Q6PF06	316
Q6PI77	547
Q6PI78	240
Q6PIV2	292
Q6PIY7	484
Q6PJ21	355
Q6PJ61	603
Q6PL18	1390
Q6PXP3	512
Q6QAJ8	160
Q6QNK2	874
Q6RFH5	385
Q6RI45	1802
Q6RSH7	139
Q6SPF0	538
Q6STE5	483
Q6TCH7	311
Q6ULP2	936
Q6UVK1	2322
Q6UW78	93
Q6UWI4	295
Q6UWM7	567
Q6UWN8	80
Q6UX15	382
Q6UX27	236
Q6UX40	140
Q6UXB1	125
Q6UXB3	125
Q6UXH1	353
Q6UXH9	720
Q6UXK2	745
Q6UXV0	394
Q6V702	233
Q6VAB6	950
Q6VMQ6	1270
Q6W2J9	1755
Q6XE38	83
Q6XR72	485
Q6Y1H2	254
Q6YBV0	504
Q6YFQ2	88
Q6YP21	454
Q6ZMH5	540
Q6ZMJ4	242
Q6ZMP0	1018
Q6ZMQ8	1374
Q6ZMS4	543
Q6ZMZ0	732
Q6ZN28	852
Q6ZNB6	911
Q6ZNC8	495
Q6ZNE5	492
Q6ZNG9	492
Q6ZNH5	498
Q6ZNK6	161
Q6ZQR2	320
Q6ZQY3	521
Q6ZR62	310
Q6ZRP7	698
Q6ZSC3	357
Q6ZTA4	783
Q6ZTN6	518
Q6ZU64	1925
Q6ZUI0	275
Q6ZUT3	714
Q6ZV29	1317
Q6ZV73	1430
Q6ZW61	710
Q6ZWL3	525
Q70E73	1250
Q70EK8	1073
Q70EK9	711
Q70EL1	1684
Q70YC5	407
Q71F56	2210
Q71RS6	500
Q71SY5	747
Q75N03	491
Q75T13	922
Q76KX8	674
Q7KZ85	1726
Q7L014	1031
Q7L0Q8	258
Q7L190	304
Q7L1V2	547
Q7L273	389
Q7L2K0	433
Q7L2R6	523
Q7L4I2	434
Q7L5Y1	443
Q7LBE3	791
Q7LGA3	356
Q7RTP0	329
Q7RTS1	189
Q7RTS9	669
Q7RTU4	235
Q7RTV0	110
Q7Z2T5	733
Q7Z2X4	250
Q7Z2Z1	1910
Q7Z3B4	507
Q7Z3Z0	450
Q7Z412	305
Q7Z417	695
Q7Z419	303
Q7Z4H4	148
Q7Z4T9	767
Q7Z4V0	828
Q7Z5A7	132
Q7Z5A9	133
Q7Z5J4	1906
Q7Z5L0	202
Q7Z5L2	792
Q7Z5R6	666
Q7Z624	323
Q7Z695	626
Q7Z6G3	386
Q7Z6J8	389
Q7Z6K3	402
Q7Z6K5	226
Q7Z6M4	381
Q7Z7B8	93
Q7Z7D3	282
Q7Z7E8	422
Q7Z7G0	1075
Q7Z7J7	247
Q86SE9	256
Q86SK9	330
Q86T03	277
Q86T90	577
Q86TC9	1320
Q86TD4	473
Q86TM3	631
Q86TY3	774
Q86U42	306
Q86U44	580
Q86UD3	253
Q86UF1	283
Q86UN3	420
Q86UN6	197
Q86UP0	819
Q86UP2	1357
Q86VF5	341
Q86VI3	1631
Q86VK4	478
Q86VU5	262
Q86VW1	577
Q86VY4	417
Q86VZ5	413
Q86W24	1093
Q86W47	210
Q86W56	976
Q86WA9	606
Q86WB7	457
Q86WN1	690
Q86WP2	473
Q86X19	198
Q86X27	583
Q86X52	802
Q86X53	443
Q86XE5	327
Q86XI8	627
Q86XK2	927
Q86XL3	938
Q86XN6	746
Q86XN8	651
Q86XP3	938
Q86XR2	697
Q86XT2	251
Q86Y07	508
Q86Y26	1132
Q86Y33	519
Q86Y82	276
Q86YD5	345
Q86YH6	399
Q86YJ5	346
Q86YP4	633
Q86YV5	1406
Q86YV9	775
Q86YW5	311
Q86Z23	238
Q8IU81	584
Q8IUC3	87
Q8IUC4	686
Q8IUC6	712
Q8IUF8	465
Q8IUG1	177
Q8IUH5	632
Q8IUM7	802
Q8IUQ4	282
Q8IUS5	362
Q8IUW5	271
Q8IUX8	553
Q8IUY3	354
Q8IV04	446
Q8IV13	435
Q8IV16	184
Q8IV20	430
Q8IV32	467
Q8IV33	1275
Q8IV38	441
Q8IV63	474
Q8IVH2	680
Q8IVL0	2385
Q8IVN8	264
Q8IVQ6	265
Q8IVS8	523
Q8IVU3	1022
Q8IVW6	561
Q8IW40	242
Q8IWB6	1497
Q8IWB7	410
Q8IWL1	248
Q8IWT1	228
Q8IWU4	369
Q8IWW6	846
Q8IXL9	164
Q8IXM2	172
Q8IXM6	262
Q8IXN7	391
Q8IXQ5	586
Q8IXQ6	854
Q8IXQ9	262
Q8IXS0	508
Q8IXS2	484
Q8IY18	1101
Q8IY34	581
Q8IY42	314
Q8IY81	847
Q8IY92	1834
Q8IYE1	715
Q8IYF3	940
Q8IYK2	499
Q8IYQ7	743
Q8IYR2	804
Q8IYS1	436
Q8IYV9	350
Q8IYX0	411
Q8IZ13	594
Q8IZ21	702
Q8IZ26	560
Q8IZE3	742
Q8IZF0	1738
Q8IZI9	196
Q8IZL9	346
Q8IZM9	456
Q8IZP9	1017
Q8IZU0	186
Q8IZX4	1826
Q8N0S6	344
Q8N0T1	100
Q8N0V5	402
Q8N0Y2	327
Q8N114	240
Q8N118	509
Q8N122	1335
Q8N183	169
Q8N1B3	248
Q8N1D0	253
Q8N1G0	1237
Q8N1G2	835
Q8N1Q1	262
Q8N2K0	398
Q8N2M4	240
Q8N2M8	674
Q8N2Q7	863
Q8N2W9	510
Q8N307	709
Q8N335	351
Q8N3C0	2202
Q8N3C7	705
Q8N3G9	435
Q8N3J5	372
Q8N3P4	1428
Q8N3Y3	721
Q8N3Y7	309
Q8N3Z0	413
Q8N3Z3	284
Q8N3Z6	543
Q8N443	379
Q8N446	348
Q8N4E7	242
Q8N4L2	257
Q8N4T4	335
Q8N4V2	548
Q8N565	214
Q8N573	874
Q8N5B7	392
Q8N5D0	677
Q8N5G2	664
Q8N5H3	189
Q8N5I9	185
Q8N5P1	291
Q8N5W8	94
Q8N5Z5	321
Q8N653	840
Q8N661	226
Q8N684	471
Q8N6C5	1336
Q8N6F8	245
Q8N6K7	520
Q8N6M3	262
Q8N6N3	182
Q8N6Q1	288
Q8N6Q3	437
Q8N7M2	679
Q8N7U7	411
Q8N823	705
Q8N895	744
Q8N8Q8	333
Q8N8R7	260
Q8N8S7	591
Q8N8Y5	198
Q8N912	160
Q8N9W6	283
Q8NA58	520
Q8NA75	395
Q8NAX2	398
Q8NB25	1140
Q8NBF2	726
Q8NBI6	393
Q8NBJ4	401
Q8NBP7	692
Q8NBS3	891
Q8NBT2	197
Q8NBZ0	244
Q8NC01	280
Q8NC67	525
Q8NC69	237
Q8NC96	275
Q8NCG5	386
Q8NCK3	441
Q8NCL4	622
Q8NCR0	500
Q8NCS4	154
Q8NCX0	1101
Q8NCY6	345
Q8ND04	991
Q8NDB6	213
Q8NDC4	146
Q8NDH6	482
Q8NDL9	886
Q8NDM7	1665
Q8NDP4	499
Q8NDT2	890
Q8NDX2	589
Q8NDZ2	872
Q8NE01	707
Q8NE31	585
Q8NE35	698
Q8NE79	360
Q8NEC5	780
Q8NEC7	633
Q8NEF9	429
Q8NEJ9	315
Q8NEK8	389
Q8NEL0	328
Q8NEM0	835
Q8NES8	71
Q8NET4	1388
Q8NET8	790
Q8NEX5	89
Q8NEZ2	397
Q8NEZ3	1342
Q8NFB2	350
Q8NFD2	765
Q8NFH5	326
Q8NFH8	660
Q8NFP0	134
Q8NFP4	955
Q8NFR9	667
Q8NFT2	490
Q8NFU1	509
Q8NFV4	315
Q8NFW5	382
Q8NFX7	210
Q8NH93	324
Q8NHG8	242
Q8NHH1	800
Q8NHP8	589
Q8NHQ1	597
Q8NHU3	365
Q8NHV1	300
Q8NHV4	660
Q8NHW6	89
Q8NHY6	868
Q8NHZ7	208
Q8NI08	942
Q8NI29	283
Q8NI38	313
Q8NI51	663
Q8TAC2	188
Q8TAF8	219
Q8TAG5	236
Q8TAI7	183
Q8TAL6	211
Q8TAM1	723
Q8TAP9	179
Q8TAQ5	688
Q8TAV3	490
Q8TAV5	145
Q8TAX7	377
Q8TB24	985
Q8TB36	358
Q8TB92	370
Q8TBB0	222
Q8TBC3	707
Q8TBE1	160
Q8TBE7	412
Q8TBF8	368
Q8TBK6	192
Q8TBM8	379
Q8TBX8	421
Q8TBZ5	544
Q8TBZ9	253
Q8TC56	605
Q8TC59	973
Q8TC94	416
Q8TCE6	357
Q8TCF1	268
Q8TCT0	537
Q8TCT1	267
Q8TCU6	1659
Q8TCY9	931
Q8TD06	166
Q8TD19	979
Q8TD55	490
Q8TDB6	740
Q8TDL5	484
Q8TDN7	264
Q8TDR0	691
Q8TDY2	1594
Q8TE99	480
Q8TED0	518
Q8TED9	768
Q8TEK3	1537
Q8TEL6	797
Q8TEQ0	813
Q8TEW0	1356
Q8TF30	809
Q8TF42	649
Q8TF74	440
Q8WTU0	396
Q8WU39	189
Q8WU66	669
Q8WU79	429
Q8WUA4	911
Q8WUA7	517
Q8WUB8	498
Q8WUD1	216
Q8WUG5	538
Q8WUH1	139
Q8WUQ7	758
Q8WUZ0	217
Q8WV28	456
Q8WV44	630
Q8WV60	388
Q8WV83	523
Q8WV99	257
Q8WVD5	230
Q8WVF1	389
Q8WVF5	259
Q8WVM8	642
Q8WVP5	186
Q8WVR3	580
Q8WVV4	589
Q8WVZ1	309
Q8WW01	171
Q8WW24	435
Q8WW32	186
Q8WW33	167
Q8WW38	1151
Q8WW59	207
Q8WWB3	177
Q8WWG1	115
Q8WWN8	1544
Q8WWQ2	592
Q8WWQ8	2551
Q8WWW8	586
Q8WWY7	111
Q8WX93	1383
Q8WX94	980
Q8WXA8	447
Q8WXA9	508
Q8WXB1	218
Q8WXD9	1431
Q8WXE1	791
Q8WXF3	142
Q8WXF8	326
Q8WXG6	1647
Q8WXU2	420
Q8WXX5	260
Q8WY64	445
Q8WYB5	2073
Q8WYN0	398
Q8WYQ3	142
Q8WYR1	880
Q8WZ19	329
Q8WZA0	190
Q902F9	699
Q92466	427
Q92478	149
Q92496	578
Q92499	740
Q92504	469
Q92508	2521
Q92523	772
Q92544	642
Q92564	292
Q92597	394
Q92619	1136
Q92625	1134
Q92665	395
Q92674	756
Q92685	438
Q92688	251
Q92696	567
Q92731	530
Q92733	491
Q92737	203
Q92750	862
Q92754	450
Q92772	493
Q92781	318
Q92782	380
Q92793	2442
Q92794	2004
Q92823	1304
Q92832	810
Q92837	279
Q92843	193
Q92844	425
Q92870	758
Q92886	237
Q92890	307
Q92903	461
Q92915	247
Q92947	438
Q92966	411
Q92979	244
Q92985	503
Q92993	513
Q93015	286
Q93033	1021
Q93045	179
Q93073	1101
Q93077	130
Q95460	341
Q969E2	229
Q969E4	200
Q969G3	411
Q969G5	261
Q969G6	155
Q969H0	707
Q969H4	720
Q969I6	547
Q969J2	545
Q969M3	257
Q969M7	185
Q969N2	578
Q969P0	613
Q969P5	355
Q969R2	916
Q969T3	373
Q969U6	566
Q969V6	931
Q96A26	154
Q96A56	240
Q96AB6	310
Q96AG4	307
Q96AN5	459
Q96AP7	390
Q96AT9	228
Q96B01	352
Q96B33	292
Q96BD8	255
Q96BF6	587
Q96BH3	223
Q96BI3	265
Q96BJ3	306
Q96BK5	328
Q96BM1	317
Q96BP2	118
Q96BQ5	260
Q96BY2	351
Q96BY6	2186
Q96C23	342
Q96CF2	233
Q96CM4	212
Q96CM8	615
Q96CN7	298
Q96CQ1	311
Q96D15	328
Q96D46	503
Q96D96	273
Q96DA6	116
Q96DB2	347
Q96DB5	314
Q96DC8	303
Q96DD0	335
Q96DP5	389
Q96DX8	246
Q96DY2	449
Q96DZ5	547
Q96DZ9	223
Q96E11	262
Q96E16	107
Q96EB6	747
Q96EC8	236
Q96EF6	278
Q96EH3	234
Q96EN8	888
Q96EN9	201
Q96ER3	474
Q96ET8	276
Q96EX1	92
Q96F10	170
Q96F25	216
Q96F86	508
Q96FH0	119
Q96FL9	552
Q96FT9	208
Q96FX8	193
Q96FZ5	175
Q96FZ7	201
Q96G03	612
Q96G21	291
Q96G25	268
Q96G28	342
Q96G30	205
Q96G97	398
Q96GD3	660
Q96GM1	343
Q96GM5	515
Q96GN5	454
Q96GS4	357
Q96GS6	310
Q96GU1	130
Q96GV9	206
Q96H15	378
Q96H72	371
Q96H79	300
Q96HA1	1249
Q96HA7	1378
Q96HA8	205
Q96HJ3	373
Q96HM7	432
Q96HR9	211
Q96HS1	289
Q96HV5	264
Q96I45	108
Q96I59	477
Q96IM9	177
Q96IP4	442
Q96IR7	371
Q96IS3	184
Q96IT1	587
Q96IZ0	340
Q96J92	1243
Q96JC9	268
Q96JG8	741
Q96JI7	2443
Q96JJ6	628
Q96JM7	780
Q96JP5	570
Q96JY6	352
Q96JZ2	352
Q96KA5	538
Q96KC2	179
Q96KG9	808
Q96KN8	279
Q96KQ4	1090
Q96L46	248
Q96L92	541
Q96L96	1907
Q96LB2	322
Q96LB3	600
Q96LB8	373
Q96LI5	555
Q96LJ8	280
Q96LR2	239
Q96LW1	612
Q96LW2	410
Q96LW4	560
Q96LW7	228
Q96LX7	622
Q96M27	445
Q96M69	825
Q96M94	604
Q96MA1	342
Q96ME7	567
Q96MF2	364
Q96MF7	247
Q96MT7	1854
Q96MT8	703
Q96MW1	224
Q96N16	626
Q96N64	755
Q96ND0	272
Q96NL8	207
Q96NM4	488
Q96NY8	510
Q96P48	1450
Q96P63	405
Q96PC2	410
Q96PC5	1412
Q96PD2	775
Q96PD5	576
Q96PE2	2063
Q96PE6	472
Q96PF1	710
Q96PF2	358
Q96PN6	1610
Q96PQ1	595
Q96PQ7	755
Q96PV0	1343
Q96PV6	800
Q96PX1	679
Q96PX8	696
Q96PZ2	611
Q96Q04	1460
Q96Q40	435
Q96Q77	187
Q96QA5	445
Q96QA6	119
Q96QD9	318
Q96QE2	648
Q96QE3	1844
Q96QF7	691
Q96QG7	549
Q96QI5	342
Q96QV1	700
Q96QV6	131
Q96R05	134
Q96RD1	312
Q96RD9	977
Q96RE7	527
Q96RG2	1323
Q96RI9	348
Q96RJ6	166
Q96RN1	970
Q96RN5	788
Q96RR1	684
Q96RT1	1412
Q96RT8	1024
Q96RU8	372
Q96S38	1066
Q96S96	227
Q96SK2	561
Q96SK3	696
Q96SL4	187
Q96T66	252
Q96T68	719
Q96T88	793
Q96T92	566
Q96TC7	470
Q99075	208
Q99217	191
Q99437	205
Q99442	399
Q99453	314
Q99459	802
Q99500	378
Q99502	592
Q99519	415
Q99541	437
Q99547	160
Q99549	860
Q99550	1183
Q99558	947
Q99578	217
Q99584	98
Q99613	913
Q99614	292
Q99615	494
Q99653	195
Q99677	370
Q99707	1265
Q99728	777
Q99747	312
Q99748	197
Q99798	780
Q99819	225
Q99832	543
Q99848	306
Q99871	368
Q99877	126
Q99942	180
Q99944	293
Q99946	306
Q99969	163
Q9BPX5	153
Q9BPZ7	522
Q9BQ04	359
Q9BQ15	211
Q9BQ24	234
Q9BQ65	265
Q9BQ66	201
Q9BQ69	325
Q9BQ83	275
Q9BQA5	517
Q9BQB4	213
Q9BQG1	590
Q9BQI3	630
Q9BQN1	747
Q9BQS8	1478
Q9BR76	489
Q9BR77	488
Q9BRJ2	306
Q9BRL6	282
Q9BRR0	538
Q9BRR3	403
Q9BRT3	115
Q9BRX8	229
Q9BS18	74
Q9BSF8	475
Q9BSK2	321
Q9BSL1	405
Q9BSM1	259
Q9BSY9	194
Q9BT25	410
Q9BT40	448
Q9BTC0	2240
Q9BTL3	118
Q9BTL4	223
Q9BTM9	101
Q9BTP7	215
Q9BTV5	496
Q9BTY2	467
Q9BU19	519
Q9BU61	184
Q9BU70	441
Q9BU76	263
Q9BUB4	502
Q9BUG6	496
Q9BUH6	204
Q9BUI4	534
Q9BUN1	341
Q9BUT1	245
Q9BUT9	160
Q9BUU2	404
Q9BUW7	83
Q9BUX1	222
Q9BV23	337
Q9BV47	211
Q9BVA0	655
Q9BVG3	475
Q9BVG8	833
Q9BVN2	902
Q9BVP2	549
Q9BW66	212
Q9BWC9	280
Q9BWD3	113
Q9BWE0	567
Q9BWG4	385
Q9BWH2	189
Q9BWJ5	86
Q9BWM7	321
Q9BWN1	585
Q9BWQ6	316
Q9BWS9	393
Q9BWT1	371
Q9BWU1	502
Q9BWX1	381
Q9BX46	236
Q9BX66	1292
Q9BX69	1037
Q9BXA6	273
Q9BXB4	747
Q9BXJ3	329
Q9BXJ7	453
Q9BXL7	1154
Q9BXM7	581
Q9BXS0	654
Q9BXS5	423
Q9BXW4	147
Q9BXW9	1451
Q9BY08	206
Q9BY11	444
Q9BY44	585
Q9BY77	421
Q9BY78	433
Q9BYG0	378
Q9BYG3	293
Q9BYN0	137
Q9BYQ6	195
Q9BYS1	174
Q9BYW3	111
Q9BYX4	1025
Q9BZ67	464
Q9BZB8	566
Q9BZD2	475
Q9BZE0	524
Q9BZE9	553
Q9BZF1	889
Q9BZF2	842
Q9BZF3	934
Q9BZG2	426
Q9BZM2	168
Q9BZM5	246
Q9BZQ6	932
Q9BZR6	473
Q9BZR8	327
Q9BZW2	595
Q9BZX2	261
Q9BZX4	212
Q9C019	465
Q9C0A1	2572
Q9C0B0	810
Q9C0B1	505
Q9C0B9	1178
Q9C0C6	399
Q9C0D0	580
Q9C0D2	2601
Q9C0D6	1143
Q9C0E2	1151
Q9C0I1	747
Q9C0J8	1336
Q9GZP1	204
Q9GZP8	106
Q9GZQ3	224
Q9GZR7	859
Q9GZT3	109
Q9GZT9	426
Q9GZU1	580
Q9GZV3	580
Q9GZV8	571
Q9GZW8	240
Q9GZX3	395
Q9GZX7	198
Q9GZY8	342
Q9H040	489
Q9H063	256
Q9H074	479
Q9H082	229
Q9H093	628
Q9H095	443
Q9H098	131
Q9H0A0	1025
Q9H0A8	199
Q9H0G5	558
Q9H0M4	648
Q9H0R4	259
Q9H0R5	595
Q9H0S4	455
Q9H0U6	180
Q9H0V9	348
Q9H0W7	228
Q9H0X6	261
Q9H0X9	879
Q9H112	138
Q9H161	411
Q9H172	646
Q9H173	461
Q9H190	292
Q9H1A3	318
Q9H1A4	1944
Q9H1B5	865
Q9H1D9	316
Q9H1E1	156
Q9H1J1	476
Q9H1P6	137
Q9H1R3	596
Q9H1X1	276
Q9H1Y3	402
Q9H1Z8	148
Q9H213	219
Q9H228	398
Q9H293	177
Q9H2C1	402
Q9H2G2	1235
Q9H2G4	693
Q9H2G9	400
Q9H2H9	487
Q9H2K0	278
Q9H2M3	363
Q9H306	513
Q9H324	1103
Q9H347	655
Q9H3H1	467
Q9H3K2	345
Q9H3L0	296
Q9H3M0	494
Q9H3P7	528
Q9H3S7	1636
Q9H3U1	944
Q9H3Y8	114
Q9H446	243
Q9H467	287
Q9H490	435
Q9H4A3	2382
Q9H4A9	486
Q9H4B4	646
Q9H4B8	488
Q9H4D5	531
Q9H4E7	631
Q9H4G0	881
Q9H5Z6	455
Q9H609	170
Q9H665	355
Q9H694	974
Q9H6A0	471
Q9H6E5	874
Q9H6F5	360
Q9H6I2	414
Q9H6K5	1346
Q9H6P5	420
Q9H6Q3	261
Q9H6Q4	476
Q9H6U6	928
Q9H6U8	611
Q9H6Y2	383
Q9H707	407
Q9H790	373
Q9H7C9	122
Q9H7F4	350
Q9H867	229
Q9H875	184
Q9H8G1	570
Q9H8H3	244
Q9H8M5	875
Q9H8M7	445
Q9H8W5	580
Q9H8X2	491
Q9H8Y1	702
Q9H936	323
Q9H977	334
Q9H981	624
Q9H987	977
Q9H9A5	744
Q9H9B4	322
Q9H9J2	332
Q9H9L3	353
Q9H9L7	192
Q9H9Q4	299
Q9H9Z2	209
Q9HA77	564
Q9HAB8	311
Q9HAW7	530
Q9HAW8	530
Q9HAW9	530
Q9HAY2	307
Q9HB55	503
Q9HB71	228
Q9HBE1	687
Q9HBI0	331
Q9HBI6	524
Q9HBM0	779
Q9HBU1	254
Q9HBX9	757
Q9HC07	324
Q9HC10	1997
Q9HC23	129
Q9HC35	981
Q9HCE7	757
Q9HCH0	1334
Q9HCK0	441
Q9HCK1	2354
Q9HCK5	861
Q9HCM9	518
Q9HCU0	757
Q9HD15	236
Q9HD43	1115
Q9HD64	81
Q9HD89	108
Q9HDB9	667
Q9NNX1	390
Q9NP60	686
Q9NP80	782
Q9NP97	96
Q9NPA2	562
Q9NPA3	183
Q9NPG3	1134
Q9NPI0	162
Q9NPI7	259
Q9NPY3	652
Q9NQ25	335
Q9NQ31	210
Q9NQ34	198
Q9NQ86	728
Q9NQA5	729
Q9NQL2	400
Q9NQP4	134
Q9NQR9	355
Q9NQS7	918
Q9NQV5	511
Q9NQV8	689
Q9NQX5	325
Q9NQX7	267
Q9NQY0	253
Q9NR30	783
Q9NR34	630
Q9NR77	195
Q9NR83	387
Q9NR96	1032
Q9NRC8	400
Q9NRF9	147
Q9NRK6	738
Q9NRM0	540
Q9NRQ2	329
Q9NRQ5	59
Q9NRR3	84
Q9NRR5	601
Q9NRU3	951
Q9NRW3	190
Q9NRX4	125
Q9NRY2	104
Q9NRY5	505
Q9NRY7	297
Q9NRZ9	838
Q9NS66	373
Q9NS82	523
Q9NS87	1388
Q9NSA3	81
Q9NSD4	429
Q9NSD7	469
Q9NSY0	501
Q9NTK5	396
Q9NTX5	307
Q9NU02	776
Q9NUE0	388
Q9NUK0	354
Q9NUL3	570
Q9NUL5	291
Q9NUQ9	324
Q9NUX5	634
Q9NUY8	699
Q9NV79	361
Q9NVA1	299
Q9NVA4	438
Q9NVD7	372
Q9NVI1	1328
Q9NVM4	692
Q9NVN3	520
Q9NVR2	710
Q9NVU7	687
Q9NVV0	291
Q9NVV5	238
Q9NVV9	213
Q9NVX0	235
Q9NW75	528
Q9NW81	257
Q9NW97	253
Q9NWF9	866
Q9NWH7	488
Q9NWH9	1034
Q9NWN3	711
Q9NWS8	449
Q9NWT1	392
Q9NWT8	199
Q9NWU5	206
Q9NWW5	311
Q9NWW7	574
Q9NWY4	346
Q9NX00	188
Q9NX18	166
Q9NX40	245
Q9NX47	278
Q9NX57	234
Q9NX94	342
Q9NXC5	875
Q9NXD2	777
Q9NXF1	929
Q9NXF8	308
Q9NXG6	502
Q9NXI6	227
Q9NXP7	522
Q9NXR7	383
Q9NXS2	382
Q9NXU5	204
Q9NY15	2570
Q9NY72	215
Q9NY87	97
Q9NY93	547
Q9NYA4	1195
Q9NYB9	513
Q9NYG2	299
Q9NYV8	317
Q9NYV9	303
Q9NYW0	307
Q9NYY3	685
Q9NYZ2	338
Q9NYZ3	720
Q9NZ56	1722
Q9NZB8	636
Q9NZC7	414
Q9NZD1	345
Q9NZE8	188
Q9NZH7	164
Q9NZI2	227
Q9NZI5	618
Q9NZL3	707
Q9NZL9	334
Q9NZN1	696
Q9NZQ0	273
Q9NZQ3	722
Q9NZS9	450
Q9NZT1	146
Q9NZU7	370
Q9NZV7	527
Q9P015	296
Q9P021	101
Q9P0B6	97
Q9P0G3	267
Q9P0J6	103
Q9P0K8	574
Q9P0L0	249
Q9P0L1	754
Q9P0S2	106
Q9P0S9	112
Q9P104	306
Q9P121	344
Q9P1W3	806
Q9P1W8	387
Q9P209	647
Q9P218	1284
Q9P219	2028
Q9P243	1243
Q9P260	1216
Q9P267	1494
Q9P286	719
Q9P287	314
Q9P2D0	1353
Q9P2D6	1515
Q9P2E9	1410
Q9P2F8	1722
Q9P2F9	582
Q9P2K2	825
Q9P2K8	1649
Q9P2N7	655
Q9P2R3	1169
Q9P2T0	379
Q9P2Y4	722
Q9P2Z0	257
Q9UBB5	411
Q9UBC2	864
Q9UBG7	517
Q9UBH0	155
Q9UBK5	93
Q9UBL6	633
Q9UBM7	475
Q9UBN1	327
Q9UBP6	276
Q9UBQ6	330
Q9UBQ7	328
Q9UBT3	224
Q9UBT7	734
Q9UBU3	117
Q9UBV2	794
Q9UBW7	1377
Q9UBW8	275
Q9UBX0	185
Q9UBX7	282
Q9UBX8	382
Q9UBZ9	1251
Q9UER7	740
Q9UEU0	232
Q9UFC0	647
Q9UFG5	118
Q9UG01	1749
Q9UG63	623
Q9UGB7	285
Q9UGM6	360
Q9UGN4	299
Q9UGQ3	507
Q9UH73	591
Q9UHA4	124
Q9UHC6	1331
Q9UHC9	1359
Q9UHG3	505
Q9UHL9	959
Q9UHQ9	305
Q9UHW5	284
Q9UHY8	353
Q9UI15	199
Q9UI38	385
Q9UIG4	136
Q9UIJ5	367
Q9UIL8	331
Q9UIQ6	1025
Q9UIX4	513
Q9UJ71	328
Q9UJ96	466
Q9UJ98	1225
Q9UJA5	497
Q9UJC5	107
Q9UJF2	1139
Q9UJM8	370
Q9UJT9	491
Q9UJY5	639
Q9UJZ1	356
Q9UK97	447
Q9UKA2	621
Q9UKA4	1901
Q9UKB5	411
Q9UKD1	530
Q9UKD2	239
Q9UKG4	626
Q9UKJ1	303
Q9UKL3	1982
Q9UKP3	347
Q9UKS7	526
Q9UKX2	1941
Q9UKX7	468
Q9UKY0	176
Q9UKZ1	510
Q9UL01	958
Q9UL15	447
Q9UL18	857
Q9UL36	1845
Q9UL52	423
Q9ULA0	485
Q9ULC3	237
Q9ULD9	1512
Q9ULE3	1009
Q9ULF5	831
Q9ULI4	1882
Q9ULJ3	1066
Q9ULJ7	1429
Q9ULP0	352
Q9ULP9	559
Q9ULT8	2610
Q9ULU4	1186
Q9ULV3	898
Q9ULV4	474
Q9ULW0	747
Q9ULW6	460
Q9ULX7	337
Q9ULZ3	195
Q9UM01	511
Q9UM22	224
Q9UM44	414
Q9UM82	520
Q9UMQ3	279
Q9UMX9	530
Q9UMZ2	1314
Q9UN42	357
Q9UN86	482
Q9UNA1	814
Q9UNA3	340
Q9UNA4	740
Q9UNE7	303
Q9UNF1	606
Q9UNG2	199
Q9UNN8	238
Q9UNU6	501
Q9UNX4	943
Q9UNX9	436
Q9UPI3	526
Q9UPM9	204
Q9UPS6	1966
Q9UPS8	1710
Q9UPT6	1336
Q9UPV7	400
Q9UPX8	1470
Q9UQ53	548
Q9UQN3	213
Q9UQR0	700
Q9Y217	621
Q9Y221	180
Q9Y223	722
Q9Y237	131
Q9Y239	953
Q9Y242	345
Q9Y248	185
Q9Y266	331
Q9Y277	283
Q9Y287	266
Q9Y291	106
Q9Y2B4	290
Q9Y2C4	368
Q9Y2D2	325
Q9Y2G5	429
Q9Y2H5	1048
Q9Y2I2	539
Q9Y2I9	924
Q9Y2J8	665
Q9Y2K3	1946
Q9Y2K6	914
Q9Y2K9	1186
Q9Y2Q0	1164
Q9Y2Q5	125
Q9Y2R2	807
Q9Y2T4	447
Q9Y2W6	561
Q9Y2W7	256
Q9Y2X7	761
Q9Y2Z0	365
Q9Y2Z2	717
Q9Y2Z4	477
Q9Y328	171
Q9Y371	365
Q9Y376	341
Q9Y388	322
Q9Y3A5	250
Q9Y3B8	237
Q9Y3B9	282
Q9Y3C8	167
Q9Y3D2	182
Q9Y3D8	172
Q9Y3E7	222
Q9Y3I0	505
Q9Y3M9	751
Q9Y3Q4	1203
Q9Y3R4	380
Q9Y3T6	440
Q9Y3U8	105
Q9Y463	629
Q9Y496	699
Q9Y4B4	1467
Q9Y4C1	1321
Q9Y4D1	1078
Q9Y4F5	1589
Q9Y4F9	1068
Q9Y4G2	1056
Q9Y4G6	2542
Q9Y4K4	846
Q9Y4W6	797
Q9Y4Z2	214
Q9Y530	152
Q9Y534	153
Q9Y572	518
Q9Y573	584
Q9Y574	426
Q9Y580	266
Q9Y5A7	615
Q9Y5B8	376
Q9Y5B9	1047
Q9Y5F7	938
Q9Y5I7	305
Q9Y5J7	89
Q9Y5K1	396
Q9Y5K5	329
Q9Y5P4	624
Q9Y5Q0	445
Q9Y5Q3	323
Q9Y5Q5	1042
Q9Y5S8	564
Q9Y5U9	82
Q9Y5V3	778
Q9Y5Y3	372
Q9Y5Y4	395
Q9Y605	127
Q9Y617	370
Q9Y618	2514
Q9Y662	390
Q9Y679	410
Q9Y6B6	198
Q9Y6C2	1016
Q9Y6D9	718
Q9Y6F7	541
Q9Y6F9	365
Q9Y6G1	99
Q9Y6G5	202
Q9Y6G9	523
Q9Y6I8	212
Q9Y6J0	2220
Q9Y6J9	622
Q9Y6K8	562
Q9Y6L7	1015
Q9Y6M5	507
Q9Y6M7	1214
Q9Y6P5	492
Q9Y6Q2	735
Q9Y6Q6	616
Q9Y6X6	1858
